,geometry,osid,toid,theme,endnode,startnode,trunkroad,changetype,name1_text,name2_text,description,matchstatus,versiondate,primaryroute,cyclefacility,roadstructure,directionality,name1_language,name2_language,routehierarchy,heightingmethod,operationalstate,geometry_length_m,roadwidth_average,roadwidth_minimum,endgradeseparation,roadclassification,alternatename1_text,alternatename2_text,capturespecification,startgradeseparation,versionavailabletodate,alternatename1_language,alternatename2_language,cyclefacility_wholelink,roadclassificationnumber,roadtrackorpathreference,versionavailablefromdate,elevationgain_indirection,presenceofpavement_left_m,presenceofpavement_source,roadwidth_confidencelevel,presenceofpavement_right_m,presenceofpavement_overall_m,presenceofpavement_updatedate,elevationgain_againstdirection,presenceofpavement_evidencedate,presenceofpavement_capturemethod,presenceofpavement_averagewidth_m,presenceofpavement_leftpercentage,presenceofpavement_minimumwidth_m,presenceofpavement_rightpercentage,presenceofpavement_overallpercentage,distance_to_point,bearing_to_point,road_orientation,site
3,"LINESTRING (393638.55160438525 805943.2565536886, 393709.5545450639 805979.247293567)",dc5f9bbb-9dfe-40f2-8cfe-630784a0bc30,osgb4000000003794726,Transport,8a03325f-5070-46df-ab47-35e4c0bbc2d8,02c1f04d-511e-47d2-acf2-374c497a0511,False,Modified Attributes,Union Street,,Single Carriageway,Matched,2023-11-10,False,,,Both Directions,,,Minor Road,DTM,Open,79.605,15.9,15.6,0,Unknown,,,Urban,0,,,,,,"[{'roadlinkid': 'dc5f9bbb-9dfe-40f2-8cfe-630784a0bc30', 'roadtrackorpathid': '4ac1db58-30d4-420f-945c-3695d8d9d458', 'roadlinkversiondate': '2023-11-10'}, {'roadlinkid': 'dc5f9bbb-9dfe-40f2-8cfe-630784a0bc30', 'roadtrackorpathid': 'cb8908e2-0496-457a-bac9-b9e72f2ed22b', 'roadlinkversiondate': '2023-11-10'}, {'roadlinkid': 'dc5f9bbb-9dfe-40f2-8cfe-630784a0bc30', 'roadtrackorpathid': 'e75169bb-5f5d-4732-a661-57b4731f1410', 'roadlinkversiondate': '2023-11-10'}]",2023-11-11T00:00:00Z,0.0,71.31,Ordnance Survey,OS Urban And Full Extent,79.61,79.61,2023-11-07,0.9,,Automated Process,4.24,90,1.0,100,100,15.215525627424057,158.37201997458544,60.591518522332194,ABD7
4,"LINESTRING (394387.5133443363 804769.2571992766, 394404.51265257085 804823.2578299412, 394406.6096556574 804829.5445780343)",79c2c338-6fc2-4b0c-83cc-2553960f6981,osgb5000005311317473,Transport,e5c4f019-0ae6-4f25-a3e4-29fdeaa17c7e,37011872-a6cd-4b07-8762-14e839664591,False,New,Wellington Road,,Dual Carriageway,Matched,2023-09-14,False,,,In Opposite Direction,,,A Road,DTM,Open,63.243,7.4,,0,A Road,,,Urban,0,,,,,A956,"[{'roadlinkid': '79c2c338-6fc2-4b0c-83cc-2553960f6981', 'roadtrackorpathid': '2f8ef4ea-e6e7-4a44-a36f-855ee4757c9c', 'roadlinkversiondate': '2023-09-14'}]",2023-09-15T00:00:00Z,0.0,0.0,Ordnance Survey,OS Urban And Full Extent,50.82,50.82,2023-09-13,1.1,,Automated Process,2.44,0,0.73,80,80,6.072856622552303,1.4680180718788165,346.1634443933036,ABD8
4,"LINESTRING (375436.631780311 165841.5256085645, 375391.33246129344 165812.4393452325)",60193b02-59ba-463a-b9c7-7cbd55ac7033,osgb4000000021697098,Transport,2d7a2b2b-8b2c-4646-b2dd-fb9910188c76,7fa8789d-2d7a-404e-8f46-2c41c5fc927e,False,New,London Road,,Single Carriageway,Matched,2023-09-14,True,,,Both Directions,,,A Road Primary,DTM,Open,53.83,11.6,10.1,0,A Road,,,Urban,0,,,,,A4,"[{'roadlinkid': '60193b02-59ba-463a-b9c7-7cbd55ac7033', 'roadtrackorpathid': '4f07b028-379a-4acb-9af5-edcaa359787d', 'roadlinkversiondate': '2023-09-14'}, {'roadlinkid': '60193b02-59ba-463a-b9c7-7cbd55ac7033', 'roadtrackorpathid': '8f4c8fc9-7ff8-4316-9a28-f40f8501a478', 'roadlinkversiondate': '2023-09-14'}]",2023-09-15T00:00:00Z,1.8,53.83,Ordnance Survey,OS Urban And Full Extent,48.87,53.83,2023-09-13,0.0,,Automated Process,4.37,100,0.4,91,100,9.33728354900323,285.7324423196376,113.92082324247644,BHA4
1,"LINESTRING (331919.88333453593 388464.90448734217, 331918.9927947073 388458.9420727313, 331918.4775513228 388455.4889725229)",37ccd4d1-5ff9-450b-a603-d1d738de8bca,osgb5000005314764941,Transport,6251aa34-1292-4079-b86c-14498a59a001,9b322146-d6a5-4a1c-9607-b26e2bb616da,False,New,Lowwood Grove,,Single Carriageway,Matched,2023-09-14,False,,,Both Directions,,,Local Road,DTM,Open,9.519,6.6,4.4,0,Unclassified,,,Urban,0,,,,,,"[{'roadlinkid': '37ccd4d1-5ff9-450b-a603-d1d738de8bca', 'roadtrackorpathid': '64f0a60a-8897-497d-976b-e2b535d0c3c5', 'roadlinkversiondate': '2023-09-14'}]",2023-09-15T00:00:00Z,0.6,9.52,Ordnance Survey,OS Urban And Full Extent,9.52,9.52,2023-09-13,0.0,,Automated Process,1.17,100,0.51,100,100,11.54644632853447,254.8241045715264,188.22937705977,BBRD
11,"LINESTRING (370202.0758355783 428043.6817620718, 370240.65321134514 428019.4585513716)",a142b457-8466-494d-ab25-db256fe73ed0,osgb4000000009321974,Transport,0d6d6d65-092a-4720-b983-eac7b09a97e3,0df7eda9-1b95-401d-a13e-c6a275d3d89d,False,New,Accrington Road,,Single Carriageway,Matched,2023-09-14,False,,,Both Directions,,,A Road,DTM,Open,45.551,9.4,6.2,0,A Road,,,Urban,0,,,,,A679,"[{'roadlinkid': 'a142b457-8466-494d-ab25-db256fe73ed0', 'roadtrackorpathid': '147cb660-dcea-4448-8730-c10c181d8e14', 'roadlinkversiondate': '2023-09-14'}, {'roadlinkid': 'a142b457-8466-494d-ab25-db256fe73ed0', 'roadtrackorpathid': '291e360f-e5cf-44f3-8aee-602acaf2feac', 'roadlinkversiondate': '2023-09-14'}]",2023-09-15T00:00:00Z,0.0,45.55,Ordnance Survey,OS Urban And Full Extent,43.05,45.55,2023-09-13,1.8,,Automated Process,2.69,100,1.06,95,100,7.460087205447474,281.744244869682,124.22253261548917,BLAR
1,"LINESTRING (415896.5841917852 430581.00258807477, 415903.7865095249 430575.65299182886, 415911.7818143 430571.6523342832, 415928.78089224454 430563.654466485, 415932.16000947845 430562.33075638744)",1e29a733-c2db-463e-a7b3-993013a3c0c5,osgb5000005314901650,Transport,557242f6-e235-4d68-9cfb-7e2d1ca40eab,3c41de92-9757-4b2a-9b0d-b585cc3b884a,False,New,Mayo Avenue,,Dual Carriageway,Matched,2023-09-14,True,,,In Direction,,,A Road Primary,DTM,Open,40.322,7.8,7.5,0,A Road,,,Urban,0,,,,,A6177,"[{'roadlinkid': '1e29a733-c2db-463e-a7b3-993013a3c0c5', 'roadtrackorpathid': '5cb0f95b-98d1-455d-a0ca-e9a7dbdd0ddc', 'roadlinkversiondate': '2023-09-14'}]",2023-09-15T00:00:00Z,0.4,40.32,Ordnance Survey,OS Urban And Full Extent,0.0,40.32,2023-09-13,0.0,,Automated Process,2.84,100,1.13,0,100,6.661354653168224,275.0249692637814,113.54543622261889,BDMA
7,"LINESTRING (359566.7616561096 173361.07808561902, 359565.23994476453 173360.20043692744, 359560.1330729411 173359.34023321327, 359556.2762044687 173360.13839652133, 359512.34926757554 173381.03127269703)",ed212509-63f5-4fdf-a337-a759b2de611e,osgb5000005303996407,Transport,4aba2702-f8e5-4559-8f7e-69ac8cda683c,ff95d18e-57d8-4b26-9d0f-5154f5e538c9,False,New,Champion Square,,Single Carriageway,Matched,2023-09-14,False,,,Both Directions,,,Restricted Local Access Road,DTM,Open,59.513,,,0,Not Classified,,,Urban,0,,,,,,"[{'roadlinkid': 'ed212509-63f5-4fdf-a337-a759b2de611e', 'roadtrackorpathid': '5e9fcb18-3acb-4577-b461-5c2381cae4f2', 'roadlinkversiondate': '2023-09-14'}]",2023-09-15T00:00:00Z,0.3,9.72,Ordnance Survey,,6.22,10.07,2023-09-13,0.1,,Automated Process,3.57,16,1.37,10,17,6.563691118542097,227.10394428850176,53.45582499874422,BR11
0,"LINESTRING (380680.1271949404 407137.77146089583, 380667.1296727235 407103.76924629835, 380632.123835997 407001.76860685577, 380623.12664733664 406975.7716286288, 380622.84512131434 406974.9717412586)",8ca2bb7e-fac9-4c23-87d9-100c1a627fba,osgb4000000009334354,Transport,76d6426a-f293-4925-bb09-b2195d9275e6,128fe582-a83f-432f-9132-71016b3f43ea,False,Modified Attributes,Manchester Road,,Single Carriageway,Matched,2023-11-10,True,,,Both Directions,,,A Road Primary,DTM,Open,172.6,11.5,10.5,0,A Road,,,Urban,0,,,,,A56,"[{'roadlinkid': '8ca2bb7e-fac9-4c23-87d9-100c1a627fba', 'roadtrackorpathid': 'd1c70af2-8745-450a-99c3-6f4de405e9c8', 'roadlinkversiondate': '2023-11-10'}, {'roadlinkid': '8ca2bb7e-fac9-4c23-87d9-100c1a627fba', 'roadtrackorpathid': 'dbabedff-3d52-489f-892e-b99aba0e5748', 'roadlinkversiondate': '2023-11-10'}]",2023-11-11T00:00:00Z,4.6,172.59,Ordnance Survey,OS Urban And Part Extent,169.87,172.6,2023-11-07,0.0,,Automated Process,2.01,100,1.22,98,100,14.352111481900465,356.7945974270357,98.31922235700472,BURW
0,"LINESTRING (545295.6114327987 258130.1635616328, 545291.6471417825 258132.18444873026, 545291.3598009015 258132.65464463888, 545285.7376196005 258142.00656565645, 545285.4213176452 258142.53156628885, 545285.142562829 258146.90887357993)",2cac35cf-6a00-4ca0-80ca-fdf60f69e5b0,osgb5000005195892795,Transport,1aea5e21-2a5a-4fa2-942a-c6f8cb53ad46,b805d84f-5861-46de-8d81-c74bb5f8936d,False,New,Regent Street,,Traffic Island Link,Matched,2023-09-14,False,,,In Direction,,,Local Road,DTM,Open,20.907,6.8,4.8,0,Classified Unnumbered,St Andrew's Street,,Urban,0,,,,,,"[{'roadlinkid': '2cac35cf-6a00-4ca0-80ca-fdf60f69e5b0', 'roadtrackorpathid': '181a7895-8a73-44fd-b910-b40642627214', 'roadlinkversiondate': '2023-09-14'}]",2023-09-15T00:00:00Z,0.0,20.91,Ordnance Survey,OS Urban And Full Extent,20.91,20.91,2023-09-13,0.3,,Automated Process,2.13,100,1.01,100,100,8.038005686433785,105.21445321228038,330.8690545213355,CAM
10,"LINESTRING (526626.8638219697 184392.34926030913, 526635.7404631504 184375.27871206834)",85f9b91e-9d6c-45a4-92e1-b1fda1548609,osgb5000005309506528,Transport,7ea24b39-95f1-44b7-8488-da449ebe8507,225ab47d-dbd8-4544-8a5d-f3b92976ced1,False,Modified Attributes,Finchley Road,,Dual Carriageway,Matched,2023-11-10,True,,,In Direction,,,A Road Primary,DTM,Open,19.233,9.6,8.9,0,A Road,,,Urban,0,,,,,A41,"[{'roadlinkid': '85f9b91e-9d6c-45a4-92e1-b1fda1548609', 'roadtrackorpathid': '048614bb-4e04-4bd8-a6c9-d38e57dbcd95', 'roadlinkversiondate': '2023-11-10'}, {'roadlinkid': '85f9b91e-9d6c-45a4-92e1-b1fda1548609', 'roadtrackorpathid': '50dc2abf-f1b5-41b4-b90b-1df208304764', 'roadlinkversiondate': '2023-11-10'}]",2023-11-11T00:00:00Z,0.0,19.23,Ordnance Survey,OS Urban And Full Extent,0.0,19.23,2023-11-07,0.0,,Automated Process,2.03,100,0.77,0,100,2.426252091329687,177.93935819064768,162.9759335059897,CA1
4,"LINESTRING (401421.39842594665 309960.8146951437, 401400.1362160138 309947.3824714116, 401395.276845579 309944.3109907661, 401382.4693441696 309936.5653953612)",411789fb-473d-41d4-bad0-7513ad260aa2,osgb5000005176437064,Transport,58df7769-d904-41c5-8ce8-80ffc68b2290,d3f3509e-55b5-4a90-848b-918f0cd758b1,False,New,Newlands Lane,,Single Carriageway,Matched,2023-09-14,False,,,Both Directions,,,Local Road,DTM,Open,45.871,7.5,5.6,0,Unclassified,,,Urban,0,,,,,,"[{'roadlinkid': '411789fb-473d-41d4-bad0-7513ad260aa2', 'roadtrackorpathid': '4c9b78a7-41c8-4191-8da2-7bd24f03db0f', 'roadlinkversiondate': '2023-09-14'}, {'roadlinkid': '411789fb-473d-41d4-bad0-7513ad260aa2', 'roadtrackorpathid': '8a51c2ca-c07e-4a42-a73a-af58aa88bf49', 'roadlinkversiondate': '2023-09-14'}]",2023-09-15T00:00:00Z,0.0,45.8,Ordnance Survey,OS Urban And Full Extent,34.8,45.87,2023-09-13,2.4,,Automated Process,2.04,100,1.05,76,100,10.014447356275536,125.80800232629895,234.7260736330644,CANK
1,"LINESTRING (320063.2575707822 177479.29267359088, 320092.84496951173 177519.28439015237)",0bccb7bb-261e-4881-9316-601fa09addca,osgb4000000021963141,Transport,aa447f92-7075-4069-ab84-4eac4a3722de,2cc696b9-1db0-4c29-acff-396e45a21378,False,New,Richards Terrace,,Single Carriageway,Matched,2023-09-14,False,,,Both Directions,,,Local Road,DTM,Open,49.738,10.7,7.5,0,Unclassified,,,Urban,0,,,,,,"[{'roadlinkid': '0bccb7bb-261e-4881-9316-601fa09addca', 'roadtrackorpathid': '6acd095f-1f0d-4f7f-8507-d0f19ccb34cd', 'roadlinkversiondate': '2023-09-14'}]",2023-09-15T00:00:00Z,0.0,49.74,Ordnance Survey,OS Urban And Full Extent,49.74,49.74,2023-09-13,0.7,,Automated Process,2.3,100,1.02,100,100,2.883848869734297,221.00696726348787,30.786798283547398,CNPR
0,"LINESTRING (338171.9094737975 554985.5278226003, 338185.76607970305 555000.7290449175, 338216.1485502055 555032.0965015371, 338217.5282698345 555033.5132116264)",01e8ef37-8a09-4aef-a320-8d8e54163446,osgb5000005312257909,Transport,54adec4c-865b-4a8e-b31f-83c155931b19,c8de87b3-ad84-4f59-9c06-7d9a61624f38,False,New,Wigton Road,,Single Carriageway,Matched,2023-09-14,False,,,Both Directions,,,A Road,DTM,Open,66.215,11.0,9.3,0,A Road,,,Urban,0,,,,,A595,"[{'roadlinkid': '01e8ef37-8a09-4aef-a320-8d8e54163446', 'roadtrackorpathid': '27db89d6-1e61-4259-9889-2f9415936d08', 'roadlinkversiondate': '2023-09-14'}]",2023-09-15T00:00:00Z,0.0,66.11,Ordnance Survey,OS Urban And Full Extent,63.22,66.22,2023-09-13,0.5,,Automated Process,2.01,100,0.73,95,100,14.592218871334639,0.9403762064674765,3.4341127109103127,CARM
3,"LINESTRING (577398.2269614813 167008.80183654203, 577418.0059971771 167005.03629903804, 577432.0036737329 167003.02917948616, 577441.0051552209 167000.03574897005, 577446.13395536 166998.8113525181)",6b7c4881-9409-4ffc-ba31-f550a7259e8c,osgb4000000030267368,Transport,457c89c2-73b3-4be2-a9ca-faa30eb61d11,292c68d8-f79c-49d8-8872-f11662775b89,False,New,Rainham Road,,Single Carriageway,Matched,2023-09-14,False,,,Both Directions,,,A Road,DTM,Open,49.031,11.5,9.7,0,A Road,,,Urban,0,,,,,A2,"[{'roadlinkid': '6b7c4881-9409-4ffc-ba31-f550a7259e8c', 'roadtrackorpathid': 'f1c9fc29-a808-485e-8c71-f3b4b1b17baa', 'roadlinkversiondate': '2023-09-14'}]",2023-09-15T00:00:00Z,0.7,48.81,Ordnance Survey,OS Urban And Full Extent,42.37,49.03,2023-09-13,0.0,,Automated Process,2.22,100,0.55,86,100,8.83850227205351,316.4841229478409,118.40401082419254,CHAT
3,"LINESTRING (353115.267482763 193455.68460711016, 353119.42313852056 193457.50347553677, 353124.0458720238 193460.43027731124, 353131.89257697907 193465.46268662676, 353139.5728773526 193474.18939165113)",6bda2b7a-aae1-47a7-8098-4be25835c895,osgb4000000021767099,Transport,b609f9f8-8492-4421-b17a-38ee6d18ebef,19d82584-d51b-4346-a4eb-f866bbb8f64a,False,Modified Attributes,Hardwick Hill,,Single Carriageway,Matched,2023-11-10,True,,,Both Directions,,,A Road Primary,DTM,Open,30.951,10.1,8.0,0,A Road,,,Urban,0,,,,,A48,"[{'roadlinkid': '6bda2b7a-aae1-47a7-8098-4be25835c895', 'roadtrackorpathid': '21ae757c-8c91-4ce9-8959-9c71d7429bc2', 'roadlinkversiondate': '2023-11-10'}, {'roadlinkid': '6bda2b7a-aae1-47a7-8098-4be25835c895', 'roadtrackorpathid': '84491665-9110-43da-bd64-a81240cf2d03', 'roadlinkversiondate': '2023-11-10'}, {'roadlinkid': '6bda2b7a-aae1-47a7-8098-4be25835c895', 'roadtrackorpathid': 'f88f3a99-f5f5-4167-81ab-71f7d4d79eb8', 'roadlinkversiondate': '2023-11-10'}]",2023-11-11T00:00:00Z,0.0,27.74,Ordnance Survey,OS Urban And Full Extent,27.89,30.95,2023-11-07,2.5,,Automated Process,2.57,90,0.8,90,100,9.09867955359311,192.28737168956442,305.2262060198218,CHP
3,"LINESTRING (436346.9852184982 370649.88241437095, 436353.7139731246 370651.6690519666)",5346ea65-0fc9-45cb-b6d0-1fa20e442774,osgb5000005315817635,Transport,5ca06d15-0518-4c24-9669-bf8728eaedc9,3a9630ca-884b-41f7-af02-280b208d2751,False,New,Chatsworth Road,,Single Carriageway,Matched,2023-09-14,True,,,Both Directions,,,A Road Primary,DTM,Open,6.959,10.0,10.0,0,A Road,,,Urban,0,,,,,A619,"[{'roadlinkid': '5346ea65-0fc9-45cb-b6d0-1fa20e442774', 'roadtrackorpathid': '61784ce6-f483-4aed-8a3e-750192b3ee3e', 'roadlinkversiondate': '2023-09-14'}]",2023-09-15T00:00:00Z,0.0,6.96,Ordnance Survey,OS Urban And Full Extent,6.96,6.96,2023-09-13,0.0,,Automated Process,2.43,100,1.08,100,100,8.562708614845906,190.74875960859424,288.8773274026763,CHS7
9,"LINESTRING (415558.7550616723 92904.01027539867, 415562.6737668198 92900.93042810122, 415562.68788076664 92900.93046984865, 415568.85873577395 92899.9145407007, 415568.88693076716 92899.9257444092, 415573.7171402023 92901.22999202009)",99720a50-4a4c-40c1-9e06-1b5c0b9e9bc0,osgb5000005201446513,Transport,0115d782-f36b-4722-9e5c-f40ca3225324,60f463cf-f3b1-4b22-b782-0f20a17bf467,False,New,Barrack Road,,Traffic Island Link,Matched,2023-09-14,False,,,In Opposite Direction,,,A Road,DTM,Open,16.287,11.1,7.2,0,A Road,,,Urban,0,,,,,A35,"[{'roadlinkid': '99720a50-4a4c-40c1-9e06-1b5c0b9e9bc0', 'roadtrackorpathid': 'd84a94eb-0089-4417-89c5-2f019fbe213e', 'roadlinkversiondate': '2023-09-14'}]",2023-09-15T00:00:00Z,0.1,16.29,Ordnance Survey,OS Urban And Full Extent,14.49,16.29,2023-09-13,0.0,,Automated Process,1.89,100,1.02,89,100,7.106579465740379,48.50155822339991,98.42557920498649,CHBR
7,"LINESTRING (434749.58484758064 278985.8843419709, 434772.58278299234 278969.8834092972, 434784.5849901629 278962.8821121695, 434813.58309449145 278947.89143633127, 434843.38466524467 278934.753157616)",fe027e16-e82a-45fe-8c73-76592d447fa1,osgb4000000019219999,Transport,bb7a0ba5-959a-443f-8258-a93c1475a5e2,981efecc-e076-4446-8df3-90cb3e15839c,False,Modified Attributes,Binley Road,,Dual Carriageway,Matched,2024-02-06,True,,,In Direction,,,A Road Primary,DTM,Open,107.126,10.2,9.7,0,A Road,,,Urban,0,,,,,A428,"[{'roadlinkid': 'fe027e16-e82a-45fe-8c73-76592d447fa1', 'roadtrackorpathid': 'b8a04f1a-7b28-48ec-9540-6727b5265577', 'roadlinkversiondate': '2024-02-06'}, {'roadlinkid': 'fe027e16-e82a-45fe-8c73-76592d447fa1', 'roadtrackorpathid': 'ffc085d3-d0db-40c5-8aac-01f9713e17b2', 'roadlinkversiondate': '2024-02-06'}]",2024-02-07T00:00:00Z,1.0,0.0,Ordnance Survey,OS Urban And Full Extent,5.27,5.27,2024-02-02,0.0,,Automated Process,2.04,0,1.24,5,5,11.425450832770515,155.50018108219172,154.7905366922413,COBR
0,"LINESTRING (435757.3132234576 336335.1855051985, 435755.2385764036 336322.04288280505, 435754.2358246282 336303.045385303, 435754.239828027 336297.03800341446, 435756.23854630865 336284.0366996058, 435758.2393220754 336278.044058417, 435761.8698713032 336267.1351484108)",0ad0e7d5-613d-4f6f-9a9a-09f61eb924e4,osgb5000005315849127,Transport,b367b0db-20e7-4991-b8b0-fc57e4135b0b,0a47cebc-fa50-4299-9412-4bef924ead0c,False,Modified Attributes,St Alkmunds Way,,Dual Carriageway,Matched,2023-11-10,False,,,In Direction,,,A Road,Interpolated Bridge,Open,69.303,14.8,14.2,0,A Road,St Alkmund's Way,,Urban,1,,,,,A601,"[{'roadlinkid': '0ad0e7d5-613d-4f6f-9a9a-09f61eb924e4', 'roadtrackorpathid': '46d53a05-7595-4a4c-84a8-f92f5496abb4', 'roadlinkversiondate': '2023-11-10'}, {'roadlinkid': '0ad0e7d5-613d-4f6f-9a9a-09f61eb924e4', 'roadtrackorpathid': '7d12ef8d-ff8e-4768-a4f7-966dcdf8a30f', 'roadlinkversiondate': '2023-11-10'}]",2023-11-11T00:00:00Z,0.1,69.3,Ordnance Survey,OS Urban And Full Extent,0.0,69.3,2023-11-07,0.4,,Automated Process,2.93,100,1.28,0,100,8.491635322915771,227.91036369324263,175.62785415426413,DESA
1,"LINESTRING (457226.2062917187 402701.05720901804, 457231.35778552183 402727.4787219073, 457234.80924673565 402744.22168088506, 457239.8057623468 402758.22389370867, 457250.8063637941 402780.2209573969, 457257.8085925215 402791.22097552597, 457270.8057720266 402808.2240797686, 457290.5246558829 402833.0861564745)",527c9c7a-d6b8-4196-97d0-a8a8acede8c8,osgb4000000010726275,Transport,5b335314-56f9-4160-9e40-415e887c0cc9,abb9d9ba-bba1-4e38-9b90-5061bab685b1,False,New,Cleveland Street,,Dual Carriageway,Matched,2023-09-14,True,,,In Opposite Direction,,,A Road Primary,DTM,Open,149.649,9.8,7.2,0,A Road,,,Urban,0,,,,,A630,"[{'roadlinkid': '527c9c7a-d6b8-4196-97d0-a8a8acede8c8', 'roadtrackorpathid': '635d60fe-c410-41ca-8089-b49f534b34d8', 'roadlinkversiondate': '2023-09-14'}]",2023-09-15T00:00:00Z,1.4,0.0,Ordnance Survey,OS Urban And Full Extent,149.65,149.65,2023-09-13,0.2,,Automated Process,0.76,0,0.41,100,100,9.161257176397442,3.392071424189453,67.34917297954183,DCST
6,"LINESTRING (240260.43747592054 675196.1136670931, 240227.04327310596 675207.2438511177)",88fdc726-0c3c-4f0e-b6e5-a7fb64ac5a45,osgb5000005261720078,Transport,e09957e8-e6fc-459d-8cde-a7af4a80f1a1,eab345fb-23db-44f6-8ab6-5af95f141567,False,Modified Attributes,Glasgow Road,,Single Carriageway,Matched,2023-11-10,False,,,Both Directions,,,A Road,DTM,Open,35.199,9.7,9.0,0,A Road,,,Urban,0,,,,,A814,"[{'roadlinkid': '88fdc726-0c3c-4f0e-b6e5-a7fb64ac5a45', 'roadtrackorpathid': 'af6f23e0-b840-4b6d-a31f-ccb04b7201b1', 'roadlinkversiondate': '2023-11-10'}, {'roadlinkid': '88fdc726-0c3c-4f0e-b6e5-a7fb64ac5a45', 'roadtrackorpathid': 'de39218f-848c-4b94-a7bf-3e85fbe2240e', 'roadlinkversiondate': '2023-11-10'}]",2023-11-11T00:00:00Z,0.0,31.28,Ordnance Survey,OS Urban And Full Extent,35.2,35.2,2023-11-07,0.2,,Automated Process,2.28,89,1.14,100,100,5.214345848310916,284.4018037276119,64.46427587903861,DUMB
6,"LINESTRING (296988.19269294664 576231.6419290112, 297000.186344119 576237.554540394, 297031.18722245906 576251.555683512)",a2bf7e6f-589b-4320-9a85-d0f35b96c856,osgb5000005303165288,Transport,e329451f-5903-4270-b21f-7a4b284c48a0,a8c5bf41-3c2c-47d5-a316-573eb71d04cc,False,Modified Attributes,Buccleuch Street,,Single Carriageway,Matched,2023-12-08,False,,,Both Directions,,,A Road,DTM,Open,47.387,11.6,10.7,0,A Road,,,Urban,0,,,,,A780,"[{'roadlinkid': 'a2bf7e6f-589b-4320-9a85-d0f35b96c856', 'roadtrackorpathid': '45e072fb-1f5d-4491-8ef7-4cb632ea1e3f', 'roadlinkversiondate': '2023-12-08'}, {'roadlinkid': 'a2bf7e6f-589b-4320-9a85-d0f35b96c856', 'roadtrackorpathid': 'bf5d28e8-1c6b-4407-81ff-cfd8d637f1b6', 'roadlinkversiondate': '2023-12-08'}]",2023-12-09T00:00:00Z,2.5,47.27,Ordnance Survey,OS Urban And Full Extent,46.93,47.39,2023-12-04,0.0,,Automated Process,2.73,100,0.88,99,100,6.623958471146946,157.8851666423834,332.08580708094115,DUMF
1,"LINESTRING (326138.895302748 673086.483286558, 326147.3938591815 673069.483355647, 326149.8944153583 673064.4755046292, 326156.89379351883 673047.4790067978, 326159.9396061652 673031.2626921888)",3894fabc-3781-40a7-8d8e-0b455e5297d4,osgb4000000006262022,Transport,592f39d2-5aac-4598-8bc6-02a25952ea77,0cef2420-be35-4ede-a614-9c18ced1f42a,False,Modified Attributes,Nicolson Street,,Single Carriageway,Matched,2023-11-10,False,,,Both Directions,,,A Road,DTM,Open,59.487,13.2,10.8,0,A Road,,,Urban,0,,,,,A7,"[{'roadlinkid': '3894fabc-3781-40a7-8d8e-0b455e5297d4', 'roadtrackorpathid': '0423bf85-6979-4b73-b19e-9c8b1148d9c5', 'roadlinkversiondate': '2023-11-10'}, {'roadlinkid': '3894fabc-3781-40a7-8d8e-0b455e5297d4', 'roadtrackorpathid': 'd2bc35d2-a3ad-49a3-8962-e6585c723183', 'roadlinkversiondate': '2023-11-10'}]",2023-11-11T00:00:00Z,0.9,59.49,Ordnance Survey,OS Urban And Full Extent,53.11,59.49,2023-11-07,0.0,,Automated Process,3.71,100,0.71,89,100,6.588398416945801,356.6368937509916,204.82293350096012,EDNS
4,"LINESTRING (258033.87097373407 666673.401589286, 258014.76172491562 666646.4274768608)",4bbe79d7-4540-45e9-9883-b3f8768fc680,osgb4000000005162394,Transport,3cdb891a-78c7-4e7d-a0c9-90949a581ab4,b0fab3da-08a2-49e4-943d-56b5832b00de,False,New,Cromwell Street,,Single Carriageway,Matched,2023-09-14,False,,,Both Directions,,,Local Road,DTM,Open,33.057,14.1,11.6,0,Unclassified,,,Urban,0,,,,,,"[{'roadlinkid': '4bbe79d7-4540-45e9-9883-b3f8768fc680', 'roadtrackorpathid': 'c19fd78d-8f83-47e0-9433-5c50e6911987', 'roadlinkversiondate': '2023-09-14'}, {'roadlinkid': '4bbe79d7-4540-45e9-9883-b3f8768fc680', 'roadtrackorpathid': 'd41b91f6-4135-4e09-acb2-8e6d61c44f22', 'roadlinkversiondate': '2023-09-14'}]",2023-09-15T00:00:00Z,0.7,29.67,Ordnance Survey,OS Urban And Full Extent,33.06,33.06,2023-09-13,0.0,,Automated Process,2.97,90,1.09,100,100,10.005999282214951,51.777841822019866,191.26238382218116,GGWR
5,"LINESTRING (260026.54184384525 665339.2735816671, 260013.04650419002 665334.5531360434)",eb90c7b2-2017-4177-a0e4-239fd82ff0bc,osgb5000005305144256,Transport,02788da6-b245-4978-b794-3ab6e72d6518,19fddb2a-bed1-4b5a-9661-a2ee7506a659,False,New,High Street,,Single Carriageway,Matched,2023-09-14,False,,,Both Directions,,,A Road,DTM,Open,14.301,11.4,6.9,0,A Road,,,Urban,0,,,,,A8,"[{'roadlinkid': 'eb90c7b2-2017-4177-a0e4-239fd82ff0bc', 'roadtrackorpathid': 'f7426548-88dc-42e7-91fa-eac7619c7e68', 'roadlinkversiondate': '2023-09-14'}]",2023-09-15T00:00:00Z,0.0,14.3,Ordnance Survey,OS Urban And Full Extent,14.3,14.3,2023-09-13,1.0,,Automated Process,2.6,100,1.2,100,100,14.065711514074692,163.80769881622803,243.1447660102553,GHSR
4,"LINESTRING (258694.6747054412 665180.8020609997, 258693.86502748454 665174.4238815453, 258687.86293254813 665164.428187966, 258682.07507032316 665151.7856875896)",b4400db4-82fd-4a1f-be4e-9c69d3b12ccd,osgb5000005305134270,Transport,0546afab-1ec0-4e9b-a754-a6455318728f,d3d3c2a1-a9c7-4e7f-9a6b-41f5af711edf,False,New,Hope Street,,Single Carriageway,Matched,2023-09-14,False,,,In Opposite Direction,,,Minor Road,DTM,Open,31.985,11.1,6.7,0,Unclassified,,,Urban,0,,,,,,"[{'roadlinkid': 'b4400db4-82fd-4a1f-be4e-9c69d3b12ccd', 'roadtrackorpathid': '7ddcd29f-9ecd-4524-9f3d-e8683076a2e0', 'roadlinkversiondate': '2023-09-14'}]",2023-09-15T00:00:00Z,0.0,25.98,Ordnance Survey,OS Urban And Full Extent,31.81,31.99,2023-09-13,0.8,,Automated Process,3.95,81,0.82,99,100,5.525370327499315,135.66511386711295,163.99226039500036,GLA4
3,"LINESTRING (293431.4226965276 681379.1335783158, 293434.2150387164 681378.7971681743, 293444.9681273074 681377.517531548)",ae7e5ef8-37f5-4727-afec-e9defc13338a,osgb5000005303178477,Transport,e9f118b1-0eda-415e-9a95-56d0e3028e01,834561cb-36ce-4f8c-9456-812f3f6a9c72,False,Modified Attributes,Moray Place,,Single Carriageway,Matched,2024-01-05,False,,,Both Directions,,,Local Road,DTM,Open,13.644,7.6,6.3,0,Unclassified,,,Urban,0,,,,,,"[{'roadlinkid': 'ae7e5ef8-37f5-4727-afec-e9defc13338a', 'roadtrackorpathid': 'b36aec0a-dbf1-4d93-8740-def69972c0f6', 'roadlinkversiondate': '2024-01-05'}]",2024-01-06T00:00:00Z,0.1,13.64,Ordnance Survey,OS Urban And Full Extent,11.47,13.64,2024-01-04,0.0,,Automated Process,2.24,100,0.72,84,100,33.128362076018746,359.22668878928437,246.2287959581714,GRA2
6,"LINESTRING (229325.18923180868 675720.2243547994, 229413.18642584767 675688.2287492441, 229487.87710375927 675658.2653355998)",e9d5b3be-2f48-4d85-9bde-9702d3d8bd04,osgb4000000005092566,Transport,7f84809e-c68e-4644-893d-bc0c96588a2e,a135c1fe-a5f5-4899-8c20-9c0b74040579,True,Modified Attributes,East Hamilton Street,,Dual Carriageway,Matched,2023-11-10,True,,,In Opposite Direction,,,A Road Primary,DTM,Open,174.112,8.3,7.3,0,A Road,,,Urban,0,,,,,A8,"[{'roadlinkid': 'e9d5b3be-2f48-4d85-9bde-9702d3d8bd04', 'roadtrackorpathid': '5b66c6ef-b3c9-44cc-8e6e-e289695c3f6a', 'roadlinkversiondate': '2023-11-10'}, {'roadlinkid': 'e9d5b3be-2f48-4d85-9bde-9702d3d8bd04', 'roadtrackorpathid': '739f0f84-cf37-4de1-b850-7c2c1e953374', 'roadlinkversiondate': '2023-11-10'}]",2023-11-11T00:00:00Z,1.9,0.0,Ordnance Survey,OS Urban And Full Extent,174.11,174.11,2023-11-07,0.0,,Automated Process,2.61,0,0.52,100,100,2.678947499651049,119.91548683635074,170.89184713932968,GKA8
4,"LINESTRING (321624.44888370915 198555.23609872098, 321651.4550179414 198568.23207392247, 321681.45378798817 198580.23614008154, 321749.4570280543 198598.7809132717, 321769.45784151164 198604.23281499976, 321785.45457179425 198609.2352063259)",cf196c26-a712-4e3a-a043-dbeaa7a019bd,osgb4000000021642305,Transport,8e08d31e-c24c-453b-8172-8980130c65f2,ec950e7c-44a1-4cba-ad42-b72b96cec27c,False,Modified Attributes,Hafod-Yr-Ynys Road,,Single Carriageway,Matched,2023-11-10,False,,,Both Directions,,,A Road,DTM,Open,170.255,7.4,6.5,0,A Road,,,Urban,0,,,,,A472,"[{'roadlinkid': 'cf196c26-a712-4e3a-a043-dbeaa7a019bd', 'roadtrackorpathid': '5ce646f1-c4f9-4a34-828a-6a56d2721818', 'roadlinkversiondate': '2023-11-10'}, {'roadlinkid': 'cf196c26-a712-4e3a-a043-dbeaa7a019bd', 'roadtrackorpathid': '6e44ace3-be3d-420a-aa5d-bc3bd7202c1a', 'roadlinkversiondate': '2023-11-10'}, {'roadlinkid': 'cf196c26-a712-4e3a-a043-dbeaa7a019bd', 'roadtrackorpathid': '7bfdb65e-7988-43f6-9256-035c7380d793', 'roadlinkversiondate': '2023-11-10'}]",2023-11-11T00:00:00Z,12.2,79.94,Ordnance Survey,OS Urban And Full Extent,170.25,170.25,2023-11-07,0.0,,Automated Process,1.68,47,0.8,100,100,2.8398441715262117,294.15063573574275,353.3536169392092,CAEB
3,"LINESTRING (533912.7222245547 190781.25311219553, 533909.7207058356 190705.2461944006)",518a6dad-217d-4649-ae4f-5c1ed63ccad2,osgb4000000030254743,Transport,1e22935b-88ba-4e27-b96c-5eeb89bedc89,6c438b38-6e1b-49e9-aa18-fee2ba3e2389,False,Modified Attributes,High Road,,Single Carriageway,Matched,2023-11-10,False,,,Both Directions,,,A Road,DTM,Open,76.059,12.8,12.3,0,A Road,,,Urban,0,,,,,A1010,"[{'roadlinkid': '518a6dad-217d-4649-ae4f-5c1ed63ccad2', 'roadtrackorpathid': '7579c429-184a-42a7-9d3a-b65a86f24c90', 'roadlinkversiondate': '2023-11-10'}, {'roadlinkid': '518a6dad-217d-4649-ae4f-5c1ed63ccad2', 'roadtrackorpathid': 'd15df87d-6a8d-4104-a6b0-55e627d811b8', 'roadlinkversiondate': '2023-11-10'}, {'roadlinkid': '518a6dad-217d-4649-ae4f-5c1ed63ccad2', 'roadtrackorpathid': 'd708dfaf-b546-49e6-a538-25faeac4686a', 'roadlinkversiondate': '2023-11-10'}]",2023-11-11T00:00:00Z,0.2,74.7,Ordnance Survey,OS Urban And Full Extent,72.13,76.06,2023-11-07,0.0,,Automated Process,5.41,98,0.57,95,100,17.97538954544545,17.982394615882185,179.7437528400493,HG1
0,"LINESTRING (528222.9267155 142318.64668353205, 528213.2882790939 142311.8417557928, 528207.8753545845 142307.2784550378, 528202.2948386769 142302.42169042042, 528199.9224387573 142299.64766615367, 528172.9231757991 142264.64917932948)",119c7c53-8e1f-4af2-a34c-d7efaade34d2,osgb5000005300545810,Transport,81f8f7f7-93f2-419a-b977-e7bec0c65035,34f399b9-2f31-4037-ab22-db9b3407082b,False,Modified Attributes,Michael Crescent,,Single Carriageway,Matched,2023-11-10,False,,,Both Directions,,,Local Road,DTM,Open,74.127,6.2,5.6,0,Unclassified,,,Urban,0,,,,,,"[{'roadlinkid': '119c7c53-8e1f-4af2-a34c-d7efaade34d2', 'roadtrackorpathid': '5f4a37c2-5b59-47f8-9140-cc003b8bada2', 'roadlinkversiondate': '2023-11-10'}, {'roadlinkid': '119c7c53-8e1f-4af2-a34c-d7efaade34d2', 'roadtrackorpathid': '8b840f86-1eea-4da2-aa82-a7546a768479', 'roadlinkversiondate': '2023-11-10'}]",2023-11-11T00:00:00Z,0.2,74.13,Ordnance Survey,OS Urban And Full Extent,59.91,74.13,2023-11-07,0.1,,Automated Process,1.82,100,0.75,81,100,21.15668768629963,179.2939973914671,205.9250565802791,HORE
6,"LINESTRING (511816.4790290165 430523.16081512277, 511798.5078886682 430502.3182179264, 511782.51106160466 430483.3148413671)",b45b4c93-5aea-49c8-b9eb-0dd08c6dcdc4,osgb4000000026481202,Transport,00b94555-fc26-4980-9161-4f78cfb73cba,1649846e-d463-4251-9aee-44fbf0b0ec83,False,Modified Attributes,Holderness Road,,Single Carriageway,Matched,2023-11-10,True,,,Both Directions,,,A Road Primary,DTM,Open,52.361,11.0,10.5,0,A Road,,,Urban,0,,,,,A165,"[{'roadlinkid': 'b45b4c93-5aea-49c8-b9eb-0dd08c6dcdc4', 'roadtrackorpathid': 'b503ef26-0ccd-460d-8d58-f77c0aafe9dc', 'roadlinkversiondate': '2023-11-10'}, {'roadlinkid': 'b45b4c93-5aea-49c8-b9eb-0dd08c6dcdc4', 'roadtrackorpathid': 'c05f6b3a-242d-4847-8903-76ff9f0dea23', 'roadlinkversiondate': '2023-11-10'}]",2023-11-11T00:00:00Z,0.0,41.85,Ordnance Survey,OS Urban And Full Extent,49.83,52.36,2023-11-07,0.1,,Automated Process,2.97,80,0.5,95,100,6.904963796004909,178.49755576823497,190.9627233211789,HULR
1,"LINESTRING (265747.89943056717 845639.0340636687, 265703.04445666156 845660.1898914548)",4af930b8-2311-41bf-897e-495a989950a9,osgb4000000003520197,Transport,18177785-a249-4d97-bd67-0dd7a9d2354c,37f97778-e076-4ce7-b82e-3c3b3700c4a2,False,Modified Attributes,Telford Street,,Single Carriageway,Matched,2023-11-10,False,,,Both Directions,,,A Road,DTM,Open,49.592,10.4,9.6,0,A Road,,,Urban,0,,,,,A862,"[{'roadlinkid': '4af930b8-2311-41bf-897e-495a989950a9', 'roadtrackorpathid': '17f40dd6-007e-4925-b15f-286110606dc9', 'roadlinkversiondate': '2023-11-10'}, {'roadlinkid': '4af930b8-2311-41bf-897e-495a989950a9', 'roadtrackorpathid': '98aa42c2-ef17-45b3-9bda-5fb3db0dcc52', 'roadlinkversiondate': '2023-11-10'}, {'roadlinkid': '4af930b8-2311-41bf-897e-495a989950a9', 'roadtrackorpathid': 'c2e00e44-f7de-4b63-80dd-60f74617605b', 'roadlinkversiondate': '2023-11-10'}]",2023-11-11T00:00:00Z,0.0,46.64,Ordnance Survey,OS Urban And Full Extent,49.59,49.59,2023-11-07,0.1,,Automated Process,2.15,94,0.93,100,100,11.933762002794222,140.0960213795642,298.29077244207986,INV2
3,"LINESTRING (431262.8167787906 266410.6608946128, 431273.9552387159 266416.9936982414)",59191c53-4f97-4fcc-8733-f6c53f7b27a1,osgb5000005316782154,Transport,3d9171eb-e585-4ceb-9bcc-2489f0cac565,b17ed8ed-2a7f-4ade-9804-d614d788676f,False,Modified Attributes,Rugby Road,,Single Carriageway,Matched,2023-11-10,True,,,Both Directions,,,A Road Primary,DTM,Open,12.811,9.3,9.0,0,A Road,,,Urban,0,,,,,A445,"[{'roadlinkid': '59191c53-4f97-4fcc-8733-f6c53f7b27a1', 'roadtrackorpathid': '895e00ff-aa53-45b9-8b41-fb2cf0a093f4', 'roadlinkversiondate': '2023-11-10'}, {'roadlinkid': '59191c53-4f97-4fcc-8733-f6c53f7b27a1', 'roadtrackorpathid': 'fc62bfe1-c3f7-4314-b2fc-8e43696282e4', 'roadlinkversiondate': '2023-11-10'}]",2023-11-11T00:00:00Z,0.0,12.81,Ordnance Survey,OS Urban And Full Extent,12.81,12.81,2023-11-07,0.0,,Automated Process,3.46,100,1.21,100,100,10.397534621958455,352.6716494101593,58.40459098210357,LEAR
4,"LINESTRING (427994.7133922383 436018.77724634274, 427974.7140075677 436063.7753060855)",b1b45231-1f47-4c23-9e0e-5f0f1816254e,osgb4000000010842286,Transport,2a301b8f-b35a-41d4-8877-bf9e3065aaff,0ed1825d-6732-4727-9c5c-0c8e679e2db8,False,Modified Attributes,Otley Road,,Single Carriageway,Matched,2023-11-10,True,,,Both Directions,,,A Road Primary,DTM,Open,49.244,9.8,9.3,0,A Road,,,Urban,0,,,,,A660,"[{'roadlinkid': 'b1b45231-1f47-4c23-9e0e-5f0f1816254e', 'roadtrackorpathid': '85252e19-dd04-4dfa-8ea8-5e4b245906a2', 'roadlinkversiondate': '2023-11-10'}, {'roadlinkid': 'b1b45231-1f47-4c23-9e0e-5f0f1816254e', 'roadtrackorpathid': 'cfe345af-6ca5-413f-aaa5-3e10a0b233d8', 'roadlinkversiondate': '2023-11-10'}, {'roadlinkid': 'b1b45231-1f47-4c23-9e0e-5f0f1816254e', 'roadtrackorpathid': 'e0e0791e-8099-46ad-b931-9efc469e6bf4', 'roadlinkversiondate': '2023-11-10'}]",2023-11-11T00:00:00Z,0.5,49.24,Ordnance Survey,OS Urban And Full Extent,46.75,49.24,2023-11-07,0.0,,Automated Process,3.99,100,1.01,95,100,5.21200786043003,184.03901129642205,6.685117397361694,LED6
0,"LINESTRING (459290.4892177237 304973.0386453566, 459330.49076018715 304932.0385257348, 459367.48941499385 304892.03688195604)",783d5c27-c2ac-4e1e-8b8c-8c633e2fb8fb,osgb4000000015528544,Transport,4f1f9853-547a-4c9f-bb68-0092fa030d2c,d530951a-0353-421d-9705-83b139fa19ac,False,Modified Attributes,St Matthews Way,,Dual Carriageway,Matched,2023-11-10,False,,,In Direction,,,A Road,DTM,Open,111.769,7.5,7.1,0,A Road,,,Urban,0,,,,,A594,"[{'roadlinkid': '783d5c27-c2ac-4e1e-8b8c-8c633e2fb8fb', 'roadtrackorpathid': '29f34726-8c3e-4494-9716-6457ba67b9ca', 'roadlinkversiondate': '2023-11-10'}, {'roadlinkid': '783d5c27-c2ac-4e1e-8b8c-8c633e2fb8fb', 'roadtrackorpathid': 'f0a01886-3100-48d9-8c32-f22c68318273', 'roadlinkversiondate': '2023-11-10'}]",2023-11-11T00:00:00Z,0.7,111.77,Ordnance Survey,OS Urban And Full Extent,0.0,111.77,2023-11-07,0.0,,Automated Process,2.54,100,1.29,0,100,7.084122464361324,304.9214208596398,117.11582651036815,LEIR
3,"LINESTRING (497949.9553474082 370394.4498206006, 497951.4691648467 370389.67329744576, 497956.00972218736 370375.3882264223, 497989.9604503188 370268.44850825315, 497997.8744158108 370241.44589481526, 498002.85568873177 370218.05560192774, 498003.66326913185 370213.19784495805)",e4a05fdc-4387-4eb9-954d-141e1eb9df1e,osgb4000000015625532,Transport,19d771b6-ead3-4158-8055-4c1b36f786ab,e68c0521-4ee0-4ed6-ac31-1e38f3a3ba9d,False,Modified Attributes,Canwick Road,,Single Carriageway,Matched,2023-11-10,False,,,Both Directions,,,A Road,DTM,Open,189.178,10.2,8.8,0,A Road,,,Urban,0,,,,,A1434,"[{'roadlinkid': 'e4a05fdc-4387-4eb9-954d-141e1eb9df1e', 'roadtrackorpathid': '2a034b9f-67ff-4167-98ec-894e657b8cce', 'roadlinkversiondate': '2023-11-10'}, {'roadlinkid': 'e4a05fdc-4387-4eb9-954d-141e1eb9df1e', 'roadtrackorpathid': 'ae687b07-f19f-4019-a3f0-7893e1e0aee4', 'roadlinkversiondate': '2023-11-10'}, {'roadlinkid': 'e4a05fdc-4387-4eb9-954d-141e1eb9df1e', 'roadtrackorpathid': 'd9f746a9-f0e3-4f53-9d5a-71b6c4dc8e9f', 'roadlinkversiondate': '2023-11-10'}]",2023-11-11T00:00:00Z,2.6,182.12,Ordnance Survey,OS Urban And Full Extent,188.59,189.18,2023-11-07,0.0,,Automated Process,2.54,96,0.94,100,100,7.091162942767747,191.239461358302,291.85298123629536,LIN3
0,"LINESTRING (506082.70643971366 222635.9805542035, 506068.7101929461 222636.9863117013, 506001.7051321577 222638.9854409505, 505977.70666535577 222638.9900761732, 505939.70535610575 222639.98967691656, 505896.70625361457 222640.98417043017)",91a90f40-4fcf-4339-9fed-cc0c193b8383,osgb4000000027876564,Transport,09e76c86-e987-4d43-8b7e-79e5663f48f3,36e9e722-0ca2-434f-9a09-a60abfdce5ee,False,Modified Attributes,Dunstable Road,,Single Carriageway,Matched,2023-11-10,False,,,In Direction,,,Local Road,DTM,Open,186.09,5.3,4.9,0,Unclassified,,,Urban,0,,,,,,"[{'roadlinkid': '91a90f40-4fcf-4339-9fed-cc0c193b8383', 'roadtrackorpathid': '25f7a48c-b3a5-437d-ab2d-50bab0ac286f', 'roadlinkversiondate': '2023-11-10'}, {'roadlinkid': '91a90f40-4fcf-4339-9fed-cc0c193b8383', 'roadtrackorpathid': 'a94fe53a-0831-47e8-bda1-0f30d2bc6927', 'roadlinkversiondate': '2023-11-10'}, {'roadlinkid': '91a90f40-4fcf-4339-9fed-cc0c193b8383', 'roadtrackorpathid': 'fdcba2f0-fff4-4f67-9884-4f2479a40f50', 'roadlinkversiondate': '2023-11-10'}]",2023-11-11T00:00:00Z,2.7,181.81,Ordnance Survey,OS Urban And Full Extent,43.38,186.09,2023-11-07,0.0,,Automated Process,1.68,98,0.44,23,100,2.739250932445978,254.89554562241892,188.2650619660456,LUTR
6,"LINESTRING (425985.08887171326 565817.7612697708, 425999.0865540416 565831.763916672, 426017.0868193043 565850.7641986818, 426033.47811917606 565866.8952182955)",6973be78-6215-40f1-974b-e476aab1438d,osgb5000005308299507,Transport,06e5d6a4-ba5f-4e71-b871-f091d5dc9c1a,1f7f0654-1f48-47cc-825a-1e90d2955c7f,False,Modified Attributes,Cradlewell,,Dual Carriageway,Matched,2023-11-10,True,,,In Direction,,,A Road Primary,DTM,Open,68.97,6.8,6.4,0,A Road,,,Urban,0,,,,,A1058,"[{'roadlinkid': '6973be78-6215-40f1-974b-e476aab1438d', 'roadtrackorpathid': '20878b05-3027-41c2-9110-ef8c374ae56b', 'roadlinkversiondate': '2023-11-10'}, {'roadlinkid': '6973be78-6215-40f1-974b-e476aab1438d', 'roadtrackorpathid': '30cf0101-2e0e-4a46-812f-c8d46e838f59', 'roadlinkversiondate': '2023-11-10'}]",2023-11-11T00:00:00Z,0.0,68.97,Ordnance Survey,OS Urban And Full Extent,0.0,68.97,2023-11-07,2.5,,Automated Process,2.17,100,0.53,0,100,3.9088573692778192,17.70919195607621,38.756620291644026,NCA3
1,"LINESTRING (454614.1931428858 341723.21632354957, 454535.19434940594 341595.2141429692)",10be389d-7a12-4fd1-8a01-2624d1438d23,osgb4000000015558339,Transport,b8588000-bb4a-435e-bf13-7a74a042b6c0,9a5ee0d2-3da7-40a2-b3cc-c041e2a53eba,False,New,Western Boulevard,,Dual Carriageway,Matched,2023-09-14,True,,,In Direction,,,A Road Primary,DTM,Open,150.416,7.9,6.9,0,A Road,,,Urban,0,,,,,A6514,"[{'roadlinkid': '10be389d-7a12-4fd1-8a01-2624d1438d23', 'roadtrackorpathid': 'a39f9a82-b594-40f8-9759-41e56900fd7d', 'roadlinkversiondate': '2023-09-14'}, {'roadlinkid': '10be389d-7a12-4fd1-8a01-2624d1438d23', 'roadtrackorpathid': 'c9c862b8-609e-4994-8047-66e4b852d8d4', 'roadlinkversiondate': '2023-09-14'}, {'roadlinkid': '10be389d-7a12-4fd1-8a01-2624d1438d23', 'roadtrackorpathid': 'f9974196-4076-4af4-87d4-b9b257512e53', 'roadlinkversiondate': '2023-09-14'}]",2023-09-15T00:00:00Z,0.9,150.42,Ordnance Survey,OS Urban And Full Extent,0.0,150.42,2023-09-13,0.0,,Automated Process,2.43,100,0.97,0,100,8.339265753797509,4.5740995677069805,252.64715248514182,NWBV
13,"LINESTRING (399865.40117493516 289381.6935288522, 399858.40269967593 289383.69613181544, 399846.09596903407 289386.90037805703, 399835.4048073347 289389.6929909082, 399824.40141624433 289392.69699331984, 399819.52763516875 289394.32132513094)",b6c6e70d-9887-401e-b8b3-6c8ecc04e59e,osgb5000005321262989,Transport,178c2cf6-7d04-4e8e-8088-4ba14d6a6ff2,00d36472-99c3-44b5-9f1e-f67328b2b13e,False,New,Birmingham Road,,Dual Carriageway,Matched,2023-09-14,False,,,In Opposite Direction,,,A Road,DTM,Open,47.59,9.5,7.5,0,A Road,,,Urban,0,,,,,A457,"[{'roadlinkid': 'b6c6e70d-9887-401e-b8b3-6c8ecc04e59e', 'roadtrackorpathid': '61569a9d-57a1-43d9-8284-f469778cbf1e', 'roadlinkversiondate': '2023-09-14'}, {'roadlinkid': 'b6c6e70d-9887-401e-b8b3-6c8ecc04e59e', 'roadtrackorpathid': 'd80e9c76-0cf1-4af9-9c16-298c69f33563', 'roadlinkversiondate': '2023-09-14'}]",2023-09-15T00:00:00Z,0.0,0.0,Ordnance Survey,OS Urban And Full Extent,47.59,47.59,2023-09-13,0.2,,Automated Process,3.15,0,0.71,100,100,7.463441009802569,246.52391278759742,274.3373136061756,BOLD
7,"LINESTRING (451370.253971755 206097.59955677995, 451362.2564137819 206119.59746961837, 451358.25115267496 206132.59295645892, 451348.59731554356 206157.9332059861)",c26462a2-c483-4753-9638-4edbb5161571,osgb4000000019238588,Transport,217bc214-9349-437f-a22c-6f72f4aa8670,eec0897b-0940-4f09-99d8-fd2054eaa71f,False,New,St Aldate's,,Single Carriageway,Matched,2023-09-14,False,,,Both Directions,,,A Road,DTM,Open,64.127,9.7,9.6,0,A Road,,,Urban,0,,,,,A420,"[{'roadlinkid': 'c26462a2-c483-4753-9638-4edbb5161571', 'roadtrackorpathid': '08a3d427-b4ca-48b2-930a-5edd72c5bf5d', 'roadlinkversiondate': '2023-09-14'}, {'roadlinkid': 'c26462a2-c483-4753-9638-4edbb5161571', 'roadtrackorpathid': 'a6e834c9-ca4e-4a93-b4d1-4bf52ce416c7', 'roadlinkversiondate': '2023-09-14'}]",2023-09-15T00:00:00Z,1.2,64.11,Ordnance Survey,OS Urban And Full Extent,64.01,64.13,2023-09-13,0.0,,Automated Process,2.92,100,0.82,100,100,3.626389184764402,191.35500577724378,12.729024120763995,OX
1,"LINESTRING (248720.3537669916 58971.48894939726, 248724.9295939195 58974.595792086155, 248764.93168619176 58998.59668610644, 248767.93365923097 59000.38002172948, 248855.93565199326 59052.593372759846, 248870.94111515218 59063.60236256686)",5df40c85-22ef-46b0-8efb-fba8c34f1419,osgb4000000025290909,Transport,6453b84a-db4c-49f4-9830-1e9cacd48d3f,3d939a52-0427-48c0-a76c-c666c74067a3,False,New,Tavistock Road,,Dual Carriageway,Matched,2023-09-14,True,,,In Opposite Direction,,,A Road Primary,DTM,Open,176.601,11.4,11.1,0,A Road,,,Urban,0,,,,,A386,"[{'roadlinkid': '5df40c85-22ef-46b0-8efb-fba8c34f1419', 'roadtrackorpathid': '8d03dbae-37b0-492d-ad2a-25a1080efedb', 'roadlinkversiondate': '2023-09-14'}, {'roadlinkid': '5df40c85-22ef-46b0-8efb-fba8c34f1419', 'roadtrackorpathid': 'd58eaefd-b983-4835-b2d4-ba35a8703dca', 'roadlinkversiondate': '2023-09-14'}]",2023-09-15T00:00:00Z,11.1,0.0,Ordnance Survey,OS Urban And Full Extent,176.6,176.6,2023-09-13,0.0,,Automated Process,2.18,0,1.18,100,100,9.243112048575897,70.63280777666739,142.94867150531513,PLYR
0,"LINESTRING (463827.9719904576 100260.37666088741, 463826.94418651646 100222.80610339946, 463826.94000479806 100188.5623322292, 463827.7059141221 100160.51164516344, 463830.86244900944 100138.70722278411)",01d54524-4cf0-4690-ad37-d1669b1fe279,osgb5000005306246554,Transport,71d570e0-eae9-4f4f-a86b-0bbdb77a5142,0dd56cf8-4d02-4e8f-9802-d744f531828a,False,New,Anglesea Road,,Dual Carriageway,Matched,2023-09-14,True,,,In Direction,,,A Road Primary,Interpolated Bridge,Open,121.917,9.4,,0,A Road,,,Urban,0,,,,,A3,"[{'roadlinkid': '01d54524-4cf0-4690-ad37-d1669b1fe279', 'roadtrackorpathid': '2d0027e2-4ba1-498a-9bb2-c0feb36f492f', 'roadlinkversiondate': '2023-09-14'}, {'roadlinkid': '01d54524-4cf0-4690-ad37-d1669b1fe279', 'roadtrackorpathid': '8d605ea2-270b-46e4-a4ef-6a9c96b9a3ce', 'roadlinkversiondate': '2023-09-14'}]",2023-09-15T00:00:00Z,0.3,121.92,Ordnance Survey,OS Urban And Part Extent,0.0,121.92,2023-09-13,0.1,,Automated Process,2.87,100,0.74,0,100,7.951430694223623,175.15995157012924,178.23729926787678,POAR
0,"LINESTRING (473669.3479707083 173410.12448121753, 473680.3478654189 173412.12996079685, 473758.1892984138 173424.62388783065)",c873fb04-a7bf-4954-ac9b-a1e338cae2a6,osgb4000000023302702,Transport,21556d86-42d6-480d-a297-776c7aef18f4,b7ee0a61-6399-4682-8305-01e53808fffa,False,Modified Attributes,London Road,,Single Carriageway,Matched,2023-11-10,False,,,Both Directions,,,A Road,DTM,Open,90.023,8.0,7.8,0,A Road,,,Urban,0,,,,,A4,"[{'roadlinkid': 'c873fb04-a7bf-4954-ac9b-a1e338cae2a6', 'roadtrackorpathid': '2eb06097-351c-4bd3-b22b-9b2ed3a17d91', 'roadlinkversiondate': '2023-11-10'}, {'roadlinkid': 'c873fb04-a7bf-4954-ac9b-a1e338cae2a6', 'roadtrackorpathid': 'd7008b05-b564-4d41-bae3-1762b996cd26', 'roadlinkversiondate': '2023-11-10'}]",2023-11-11T00:00:00Z,0.6,88.27,Ordnance Survey,OS Urban And Full Extent,90.02,90.02,2023-11-07,0.0,,Automated Process,2.98,98,1.12,100,100,6.825711533860044,12.938980793330813,344.4528009869457,REA5
0,"LINESTRING (490527.07383762853 410847.9604402049, 490516.6924346621 410842.3526825831, 490499.6894417319 410835.3492554587, 490472.6900797373 410832.3497426419, 490294.73690390866 410815.9646767365)",3d9aacf0-d79f-462c-9e6d-361237a413f9,osgb4000000010890811,Transport,e7b97887-cdee-40a1-95ad-36c3e254be75,24bf48b3-aebd-4469-8fd7-6faf9b9f8560,False,Modified Attributes,Rowland Road,,Single Carriageway,Matched,2023-11-10,False,,,Both Directions,,,Minor Road,Interpolated Bridge,Open,236.061,9.6,8.7,0,Classified Unnumbered,,,Rural,0,,,,,,"[{'roadlinkid': '3d9aacf0-d79f-462c-9e6d-361237a413f9', 'roadtrackorpathid': '5fc0970b-69bc-4fcf-9f03-3c077d4fed72', 'roadlinkversiondate': '2023-11-10'}, {'roadlinkid': '3d9aacf0-d79f-462c-9e6d-361237a413f9', 'roadtrackorpathid': '65ea7e85-fac5-47b0-83e2-cc0f52e00a1b', 'roadlinkversiondate': '2023-11-10'}, {'roadlinkid': '3d9aacf0-d79f-462c-9e6d-361237a413f9', 'roadtrackorpathid': '90605ea3-79bb-4bcb-8f2f-bcc21f05ae53', 'roadlinkversiondate': '2023-11-10'}]",2023-11-11T00:00:00Z,1.0,213.37,Ordnance Survey,OS Rural And Full Extent,236.06,236.06,2023-11-07,1.7,,Automated Process,2.26,90,0.6,100,100,14.008444005624831,67.29188471305883,50.039212121445985,SCN2
15,"LINESTRING (393948.32683643146 409264.1286339617, 393847.7948370994 409155.196872249)",edd26d3c-a42f-444a-b8fb-22440ff5a406,osgb5000005313887894,Transport,5ba31a3c-ff0a-4cd5-ac2b-767bfc9ced05,5ee1af8c-3e67-4bcb-8353-b9bed3edec5a,False,New,Crompton Way,,Single Carriageway,Matched,2023-09-14,False,,,Both Directions,,,A Road,DTM,Open,148.228,7.1,7.0,0,A Road,,,Urban,0,,,,,A663,"[{'roadlinkid': 'edd26d3c-a42f-444a-b8fb-22440ff5a406', 'roadtrackorpathid': '9e9d37bf-f2c3-423c-93e9-76abb31cbee0', 'roadlinkversiondate': '2023-09-14'}]",2023-09-15T00:00:00Z,3.1,0.0,Ordnance Survey,OS Urban And Full Extent,148.23,148.23,2023-09-13,0.0,,Automated Process,1.66,0,1.08,100,100,7.197076926704296,349.16805484762875,90.06388935795849,CW
4,"LINESTRING (436277.99575229135 389944.5150043534, 436277.9873753099 389939.5083449868, 436277.9836951486 389939.1189150641, 436269.35302793194 389931.3763567736)",44ea5198-8abc-4b20-9053-db262a028de6,osgb4000000015931049,Transport,9bc5d45c-7828-465e-b4a4-88cf59e8d81f,189e46f8-c9e8-4044-b4ea-debf01e62352,False,New,Barnsley Road,,Traffic Island Link,Matched,2023-09-14,False,,,In Direction,,,A Road,DTM,Open,16.986,7.6,4.1,0,A Road,,,Urban,0,,,,,A6135,"[{'roadlinkid': '44ea5198-8abc-4b20-9053-db262a028de6', 'roadtrackorpathid': '72c6ccdc-299f-4695-973e-c24c125e3060', 'roadlinkversiondate': '2023-09-14'}]",2023-09-15T00:00:00Z,1.1,16.99,Ordnance Survey,OS Urban And Full Extent,16.99,16.99,2023-09-13,0.0,,Automated Process,2.17,100,1.11,100,100,6.954801725349152,356.3069220915139,203.00654759767795,SHBR
5,"LINESTRING (437794.0524240749 113556.37062632423, 437801.49343447905 113551.00872746433)",7fbbf77b-0d85-4ab3-86d5-b9d2f7364ad2,osgb5000005317711262,Transport,b5b3ff3d-4b1a-4b1e-8845-312406b6b3f1,2e8e3e04-d1f8-4487-a9e7-2cc837596d40,False,Modified Attributes,Redbridge Road,,Dual Carriageway,Matched,2024-02-06,True,,,In Direction,,,A Road Primary,DTM,Open,9.173,9.1,9.0,0,A Road,,,Urban,0,,,,,A35,"[{'roadlinkid': '7fbbf77b-0d85-4ab3-86d5-b9d2f7364ad2', 'roadtrackorpathid': 'd826b225-ec14-4a02-9c8c-a97ed020d0d4', 'roadlinkversiondate': '2024-02-06'}]",2024-02-07T00:00:00Z,0.0,9.17,Ordnance Survey,OS Urban And Full Extent,0.0,9.17,2024-02-02,0.0,,Automated Process,1.71,100,1.09,0,100,11.894303249586178,127.53984721975951,229.6023519075081,SA33
20,"LINESTRING (534885.2870026967 177502.06840690714, 534845.7772870645 177524.12282869266, 534843.7773242831 177525.12698224932)",f93d20b7-25fb-4867-b854-f1e1c7849d65,osgb5000005101356405,Transport,d968962b-da38-4369-a4f9-74321d2cfff4,d1e1292a-8930-4a91-8629-5f2453587871,False,Modified Attributes,Old Kent Road,,Single Carriageway,Matched,2023-11-10,True,,,Both Directions,,,A Road Primary,DTM,Open,47.481,13.7,12.9,0,A Road,,,Urban,0,,,,,A2,"[{'roadlinkid': 'f93d20b7-25fb-4867-b854-f1e1c7849d65', 'roadtrackorpathid': '0a7c581a-7566-4d82-8f32-79d522f7156c', 'roadlinkversiondate': '2023-11-10'}, {'roadlinkid': 'f93d20b7-25fb-4867-b854-f1e1c7849d65', 'roadtrackorpathid': '7725a5da-b47e-4343-9775-8c24aaf1e8db', 'roadlinkversiondate': '2023-11-10'}, {'roadlinkid': 'f93d20b7-25fb-4867-b854-f1e1c7849d65', 'roadtrackorpathid': 'df6b04eb-6b1e-4059-a4ee-d447f3f8739e', 'roadlinkversiondate': '2023-11-10'}]",2023-11-11T00:00:00Z,0.1,47.48,Ordnance Survey,OS Urban And Full Extent,37.3,47.48,2023-11-07,0.0,,Automated Process,2.96,100,0.81,79,100,12.300374025209974,78.63245036831245,314.4217438377011,SK5
1,"LINESTRING (350837.42476268864 395230.02207693853, 350831.07183660404 395234.7834738248, 350823.0685895151 395241.78731262963, 350805.07050142833 395257.78512028715, 350799.06725840364 395266.7820367749, 350770.065886459 395307.78408108186, 350766.06850715954 395316.78239591455, 350764.06832790794 395328.78625371517)",69caa223-140a-4aee-bf26-aebaa1b032c5,osgb4000000013263424,Transport,cb855cbf-0c5e-4968-be29-15d9c43c4921,fede6ee5-e253-432a-a9ca-3a1fc3d7fd3e,False,Modified Attributes,Linkway West,,Dual Carriageway,Matched,2023-11-10,True,,,In Opposite Direction,,,A Road Primary,DTM,Open,125.71,8.2,6.8,0,A Road,,,Urban,0,,,,,A570,"[{'roadlinkid': '69caa223-140a-4aee-bf26-aebaa1b032c5', 'roadtrackorpathid': '36f93182-5518-4e90-a96c-932c7a7d8be5', 'roadlinkversiondate': '2023-11-10'}, {'roadlinkid': '69caa223-140a-4aee-bf26-aebaa1b032c5', 'roadtrackorpathid': '860071a7-c487-462e-aca0-0b1221b5c3e8', 'roadlinkversiondate': '2023-11-10'}]",2023-11-11T00:00:00Z,0.6,0.0,Ordnance Survey,OS Urban And Part Extent,125.71,125.71,2023-11-07,0.0,,Automated Process,4.07,0,1.23,100,100,8.507903527375504,306.02593811678304,314.86405137659165,SHLW
7,"LINESTRING (569168.0152425459 182612.56334220798, 569203.0652898994 182645.56777221133, 569220.2085880849 182660.91079647682, 569235.1712678134 182679.16453793057, 569264.678665974 182703.6136562397, 569294.6523829417 182728.85773139703, 569347.8035993474 182735.49434944591, 569351.6837999914 182732.64041475067, 569368.5289962703 182705.46172431146, 569369.8793689526 182703.0800264529)",c8c2bc75-2277-49db-9769-8df6e3178951,osgb5000005182804796,Transport,4e8607df-f796-445d-9023-653c5806f712,4e0cbfca-f2ec-422b-8dc6-b5e4220ce4a9,False,New,,,Single Carriageway,No Match,2023-09-14,False,,,Both Directions,,,Restricted Secondary Access Road,DTM,Open,265.358,,,0,Unknown,,,Urban,0,,,,,,"[{'roadlinkid': 'c8c2bc75-2277-49db-9769-8df6e3178951', 'roadtrackorpathid': 'a5b75c88-85e3-4fe2-ac85-93717ef8e798', 'roadlinkversiondate': '2023-09-14'}]",2023-09-15T00:00:00Z,1.5,36.49,Ordnance Survey,,11.49,39.33,2023-09-13,0.9,,Automated Process,3.17,14,1.1,4,15,6.356686941127811,98.19580330163325,158.06448930409965,HOPE
9,"LINESTRING (444354.8564168117 519164.3398939009, 444351.1346778198 519167.3639432577, 444334.13086559484 519182.3663046288)",861c8f60-2eac-4bc4-adef-86a7f4b136b5,osgb5000005312743939,Transport,c1119fc3-54ec-447a-8f0c-e3561ef97806,ddde0e5d-8a49-4534-97ba-ff5b96f0b124,False,New,Nelson Terrace,,Single Carriageway,Matched,2023-09-14,False,,,Both Directions,,,A Road,DTM,Open,27.469,17.2,16.5,0,A Road,,,Urban,0,,,,,A1305,"[{'roadlinkid': '861c8f60-2eac-4bc4-adef-86a7f4b136b5', 'roadtrackorpathid': '434b8513-0b42-441d-9f1e-66439793ba71', 'roadlinkversiondate': '2023-09-14'}]",2023-09-15T00:00:00Z,0.0,27.1,Ordnance Survey,OS Urban And Full Extent,27.47,27.47,2023-09-13,0.2,,Automated Process,2.24,99,0.77,100,100,12.068571307122346,52.97907487678219,333.5843431384075,SOTR
0,"LINESTRING (441606.0688908671 513712.538688874, 441633.1943147242 513674.2828559682)",257657b2-ac22-47ba-aba5-8c9fabce2249,osgb4000000007916164,Transport,9cf2456a-8755-44d4-8769-317290443fe1,ac985239-f2bf-4587-a18c-469e97b84bab,False,Modified Attributes,Urlay Nook Road,,Single Carriageway,Matched,2023-11-10,False,,,Both Directions,,,A Road,DTM,Open,46.892,7.8,6.9,0,A Road,,,Urban,0,,,,,A67,"[{'roadlinkid': '257657b2-ac22-47ba-aba5-8c9fabce2249', 'roadtrackorpathid': '21cf900a-0ee1-4941-9436-04c1ad2cd295', 'roadlinkversiondate': '2023-11-10'}, {'roadlinkid': '257657b2-ac22-47ba-aba5-8c9fabce2249', 'roadtrackorpathid': '963815f4-a3db-47e7-9153-b994d75dba0f', 'roadlinkversiondate': '2023-11-10'}, {'roadlinkid': '257657b2-ac22-47ba-aba5-8c9fabce2249', 'roadtrackorpathid': 'ce4913dd-3ef2-4a0e-b9e0-bf4c7a03c2fa', 'roadlinkversiondate': '2023-11-10'}]",2023-11-11T00:00:00Z,0.0,43.92,Ordnance Survey,OS Urban And Full Extent,46.89,46.89,2023-11-07,0.1,,Automated Process,2.38,94,0.92,100,100,8.000050371119388,348.337934323926,153.16133311289934,EAGL
8,"LINESTRING (392513.14249288617 342594.234971658, 392581.04482606275 342564.8931610594, 392600.0456670901 342555.89715047006, 392622.04319995426 342543.8929421441, 392641.04264708725 342533.89589213725, 392671.04805127747 342515.8945193365, 392683.859303818 342507.35338665027, 392692.04243604984 342501.90089884365, 392770.0461908824 342450.8979606003, 392824.0475704202 342417.8985945861)",fe4ae4fd-8f38-48dd-82f4-4d45c8b10601,osgb4000000013191311,Transport,cfbb7aa2-683e-4153-8340-d9a6a80bdc09,73be6706-df22-4e4f-b468-22cf3353635b,True,Modified Geometry And Attributes,Uttoxeter Road,,Dual Carriageway,Matched,2023-11-10,True,,,In Direction,,,A Road Primary,Interpolated Bridge,Open,358.229,7.6,,0,A Road,,,Urban,0,,,,,A50,"[{'roadlinkid': 'fe4ae4fd-8f38-48dd-82f4-4d45c8b10601', 'roadtrackorpathid': '9a931270-3ce8-483b-942f-3a71b228c774', 'roadlinkversiondate': '2023-11-10'}, {'roadlinkid': 'fe4ae4fd-8f38-48dd-82f4-4d45c8b10601', 'roadtrackorpathid': 'b7382158-7746-4893-b9db-f3ba658f3d43', 'roadlinkversiondate': '2023-11-10'}]",2023-11-11T00:00:00Z,11.0,285.85,Ordnance Survey,OS Urban And Part Extent,0.0,285.85,2023-11-07,0.0,,Automated Process,1.6,80,0.75,0,80,5.619016647479687,243.2757096289746,242.09025346904133,STKR
2,"LINESTRING (509070.0926776862 114163.71164978301, 509069.6114899869 114164.85850355786, 509069.1248335378 114168.27466468618, 509068.6825391363 114176.27510047413, 509069.68179201864 114182.27000836603, 509079.01721466397 114206.87350845544)",9168dd8c-0983-49a7-b12d-ed7ae0aa2b7f,osgb5000005124064653,Transport,245a56bc-8059-4587-a020-b505fed36ff6,24aebf0f-040c-4706-815f-a1b1b94fa20f,False,Modified Attributes,Meadowside,,Single Carriageway,Matched,2023-11-10,False,,,Both Directions,,,Local Road,DTM,Open,45.102,6.9,4.4,0,Unclassified,,,Urban,0,,,,,,"[{'roadlinkid': '9168dd8c-0983-49a7-b12d-ed7ae0aa2b7f', 'roadtrackorpathid': '030c7b5e-ed53-4ac6-9be9-98d348057d5d', 'roadlinkversiondate': '2023-11-10'}, {'roadlinkid': '9168dd8c-0983-49a7-b12d-ed7ae0aa2b7f', 'roadtrackorpathid': '12cbb2f5-b41c-4357-877f-50ad13c69941', 'roadlinkversiondate': '2023-11-10'}]",2023-11-11T00:00:00Z,1.1,29.96,Ordnance Survey,OS Urban And Full Extent,45.1,45.1,2023-11-07,0.0,,Automated Process,1.78,66,0.98,100,100,7.9814103699794225,203.33511744400886,0.7081744259994025,STOR
7,"LINESTRING (438094.11041335674 558329.8524300079, 438069.10682816955 558333.2465918027, 438035.1056654705 558337.8557836574, 438006.10807708366 558345.8572060949, 437999.11030872725 558347.8569327635, 437997.53462167806 558348.4668373985)",f339902b-8180-4fda-bdbc-c041c3de0a04,osgb5000005314010197,Transport,d31b56c7-0e54-4a09-b33b-a28fb46f7bb0,72450e88-cefe-4e5c-9c12-a6a89cc40a49,False,New,Wessington Way,,Dual Carriageway,Matched,2023-09-14,False,,,In Opposite Direction,,,A Road,DTM,Open,98.588,8.7,6.5,0,A Road,,,Urban,0,,,,,A1290,"[{'roadlinkid': 'f339902b-8180-4fda-bdbc-c041c3de0a04', 'roadtrackorpathid': 'cfc76fcc-4474-48a6-8c9c-7c56b85d03e8', 'roadlinkversiondate': '2023-09-14'}]",2023-09-15T00:00:00Z,0.0,0.0,Ordnance Survey,OS Urban And Full Extent,98.59,98.59,2023-09-13,1.9,,Automated Process,1.32,0,0.82,100,100,5.152420294338418,115.81120376222123,256.74738466059637,SUNR
0,"LINESTRING (535925.8127005949 182208.1724054371, 535927.4319660722 182211.2203475365, 535928.8967849901 182211.7380552406, 535935.3403593766 182214.02483329788, 535936.2480287859 182214.34958320105, 535940.1242404163 182213.21807797067)",0874c73d-6b4c-4042-9ee7-5f7901ae1a24,osgb5000005183643213,Transport,01162dd4-3401-44e2-b658-863d43091c32,3a5ff13e-37aa-4340-ac49-9747a115f41b,False,New,Mile End Road,,Traffic Island Link At Junction,Matched,2023-09-14,True,,,In Direction,,,A Road Primary,DTM,Open,16.84,10.9,8.0,0,A Road,,,Urban,0,,,,,A11,"[{'roadlinkid': '0874c73d-6b4c-4042-9ee7-5f7901ae1a24', 'roadtrackorpathid': 'c92f9dc2-c808-4b49-9426-204626729406', 'roadlinkversiondate': '2023-09-14'}]",2023-09-15T00:00:00Z,0.0,16.84,Ordnance Survey,OS Urban And Full Extent,4.06,16.84,2023-09-13,0.0,,Automated Process,2.96,100,1.12,24,100,7.055311765113498,140.68715634107696,55.48154921549491,TH2
1,"LINESTRING (359191.0709247614 388251.7470528448, 359169.06731905753 388250.75745582994)",36e531dc-f825-466e-b4b4-8d390a823219,osgb4000000013256630,Transport,71b59386-9c27-4aef-bbfe-ff7dcf98dec4,d0224e1b-5473-4f42-943b-58aa43b2fda2,False,New,Selby Street,,Single Carriageway,Matched,2023-09-14,False,,,Both Directions,,,Local Road,DTM,Open,22.023,8.3,7.1,0,Unclassified,,,Urban,0,,,,,,"[{'roadlinkid': '36e531dc-f825-466e-b4b4-8d390a823219', 'roadtrackorpathid': '01ae24f7-6a7c-4a47-9c7e-9a5a68eb3ed6', 'roadlinkversiondate': '2023-09-14'}, {'roadlinkid': '36e531dc-f825-466e-b4b4-8d390a823219', 'roadtrackorpathid': '18cf30c7-4b7c-41d3-8a9b-06a08643fe2c', 'roadlinkversiondate': '2023-09-14'}]",2023-09-15T00:00:00Z,0.0,22.02,Ordnance Survey,OS Urban And Full Extent,19.83,22.02,2023-09-13,0.1,,Automated Process,1.96,100,1.12,90,100,35.40164247080427,320.96623194322825,94.26692607929391,WAR
3,"LINESTRING (359167.27236226085 388296.34454355104, 359169.0293056594 388251.7479870051, 359169.06731905753 388250.75745582994)",4064e78e-dfcc-417c-9ed5-c300999a70e6,osgb5000005315197103,Transport,71b59386-9c27-4aef-bbfe-ff7dcf98dec4,6e83d048-4b97-45f7-980a-3dbd186176ab,False,New,Kimberley Street,,Single Carriageway,Matched,2023-09-14,False,,,In Opposite Direction,,,Local Road,DTM,Open,45.625,6.2,3.1,0,Unclassified,,,Urban,0,,,,,,"[{'roadlinkid': '4064e78e-dfcc-417c-9ed5-c300999a70e6', 'roadtrackorpathid': '01ae24f7-6a7c-4a47-9c7e-9a5a68eb3ed6', 'roadlinkversiondate': '2023-09-14'}, {'roadlinkid': '4064e78e-dfcc-417c-9ed5-c300999a70e6', 'roadtrackorpathid': '0f7ff379-18d7-4720-a537-b32661e01661', 'roadlinkversiondate': '2023-09-14'}, {'roadlinkid': '4064e78e-dfcc-417c-9ed5-c300999a70e6', 'roadtrackorpathid': '32653678-0080-41fd-8e2a-a6b87fbf5b40', 'roadlinkversiondate': '2023-09-14'}]",2023-09-15T00:00:00Z,0.1,45.63,Ordnance Survey,OS Urban And Full Extent,21.68,45.63,2023-09-13,0.1,,Automated Process,2.11,100,0.84,48,100,35.40164247080427,346.0045012382498,182.4792556797193,WAR
2,"LINESTRING (351396.95418510394 385646.792711426, 351443.9538178303 385667.7954966296)",282ca5b3-edd7-434d-ab29-df23fd198a55,osgb4000000013241406,Transport,9c0bd37a-a58c-4c67-8324-24e69c8f7af4,cff5cb45-ef67-42e2-966f-a4b4daeab210,False,New,Milton Road,,Single Carriageway,Matched,2023-09-14,False,,,Both Directions,,,Local Road,DTM,Open,51.478,9.2,7.5,0,Unclassified,,,Urban,0,,,,,,"[{'roadlinkid': '282ca5b3-edd7-434d-ab29-df23fd198a55', 'roadtrackorpathid': '2910b279-49a7-41af-a8e8-45bfc22d2aee', 'roadlinkversiondate': '2023-09-14'}, {'roadlinkid': '282ca5b3-edd7-434d-ab29-df23fd198a55', 'roadtrackorpathid': '59d498ab-91ca-47c2-bde9-1dc4363322d8', 'roadlinkversiondate': '2023-09-14'}, {'roadlinkid': '282ca5b3-edd7-434d-ab29-df23fd198a55', 'roadtrackorpathid': '9016cab7-86d3-47cf-9dba-7b82fab83720', 'roadlinkversiondate': '2023-09-14'}]",2023-09-15T00:00:00Z,0.3,45.53,Ordnance Survey,OS Urban And Full Extent,41.44,51.48,2023-09-13,0.0,,Automated Process,3.53,88,0.4,81,100,11.756376221304416,355.18100834876816,319.46498325628835,WSMR
2,"LINESTRING (514155.8254074927 104952.24337947546, 514187.8291257371 104955.24780266243, 514211.82888079196 104959.24500147285, 514235.8261262718 104966.24596337765, 514255.82868464594 104973.2483992395, 514314.829680672 104993.24397247809)",a7ac7377-b3b0-413e-a1ec-4e73799dfc10,osgb4000000030107599,Transport,3926d751-cba3-4cbb-b655-f600aa2c5e71,a2ed8b03-fd7a-4b0f-9cad-42a105468d22,True,Modified Attributes,Upper Brighton Road,,Single Carriageway,Matched,2024-01-05,True,,,Both Directions,,,A Road Primary,DTM,Open,164.959,9.8,9.2,0,A Road,,,Urban,0,,,,,A27,"[{'roadlinkid': 'a7ac7377-b3b0-413e-a1ec-4e73799dfc10', 'roadtrackorpathid': '588bf7f3-ea07-4827-85cb-f711062da00e', 'roadlinkversiondate': '2024-01-05'}, {'roadlinkid': 'a7ac7377-b3b0-413e-a1ec-4e73799dfc10', 'roadtrackorpathid': '78eb4085-5e16-4023-bcee-78fb24f2393e', 'roadlinkversiondate': '2024-01-05'}]",2024-01-06T00:00:00Z,0.4,164.96,Ordnance Survey,OS Urban And Full Extent,154.34,164.96,2024-01-04,0.1,,Automated Process,2.37,100,0.83,94,100,8.85788156490954,288.15563257018414,346.620778621656,WTHG
3,"LINESTRING (332858.96383161214 349897.52081234514, 332855.7337968381 349906.778575428)",96b4b4b1-0236-433f-9e43-1a8f025b4b68,osgb4000000013799918,Transport,781ceb77-db7e-4d23-97c7-8b5ba2a58a2e,3fc8426d-48b6-4d9d-a647-b06c7ce16798,False,New,,,Enclosed Traffic Area,No Match,2023-09-14,False,,,Both Directions,,,Local Access Road,DTM,Open,9.804,,,0,Unknown,,,Urban,0,,,,,,[],2023-09-15T00:00:00Z,0.1,0.0,Ordnance Survey,,9.8,9.8,2023-09-13,0.0,,Automated Process,1.88,0,0.52,100,100,9.711255941453766,198.98524108332495,341.10845961481704,WREX
4,"LINESTRING (460752.726861013 451043.77738047275, 460751.7866945977 451035.3414241192, 460751.4167831762 451031.99827960646, 460750.5247246586 451023.3960350128)",48a7c11a-e0f6-4a0c-83eb-9bab63b816f1,osgb5000005302001460,Transport,f5a68225-1074-497c-af7a-0b2ad5f0ed7f,94c5c4a8-3b4d-4266-bc6c-1cb3a27cebe1,False,Modified Attributes,Fishergate,,Dual Carriageway,Matched,2023-10-10,False,,,In Direction,,,A Road,DTM,Open,20.495,,,0,A Road,Fawcett Street,,Urban,0,,,,,A1036,"[{'roadlinkid': '48a7c11a-e0f6-4a0c-83eb-9bab63b816f1', 'roadtrackorpathid': '4eaadd4f-3da3-446b-b686-29f2e0244bfd', 'roadlinkversiondate': '2023-10-10'}]",2023-10-11T00:00:00Z,0.1,20.49,Ordnance Survey,,20.47,20.49,2023-10-06,0.0,,Automated Process,1.35,100,0.55,100,100,5.9868164521693945,130.0762675799415,183.47288104971662,YK11
